"role","actorname","actorimdb","titlename","titleimdb"
"Steve Rogers / Captain America","Chris Evans","https://www.imdb.com/name/nm0262635","Captain America: Civil War","https://www.imdb.com/title/tt3498820"
"Tony Stark / Iron Man","Robert Downey Jr.","https://www.imdb.com/name/nm0000375","Captain America: Civil War","https://www.imdb.com/title/tt3498820"
"Natasha Romanoff / Black Widow","Scarlett Johansson","https://www.imdb.com/name/nm0424060","Captain America: Civil War","https://www.imdb.com/title/tt3498820"
"Bucky Barnes / Winter Soldier","Sebastian Stan","https://www.imdb.com/name/nm1659221","Captain America: Civil War","https://www.imdb.com/title/tt3498820"
"Sam Wilson / Falcon","Anthony Mackie","https://www.imdb.com/name/nm1107001","Captain America: Civil War","https://www.imdb.com/title/tt3498820"
"Lieutenant James Rhodes / War Machine","Don Cheadle","https://www.imdb.com/name/nm0000332","Captain America: Civil War","https://www.imdb.com/title/tt3498820"
"Clint Barton / Hawkeye","Jeremy Renner","https://www.imdb.com/name/nm0719637","Captain America: Civil War","https://www.imdb.com/title/tt3498820"
"T'Challa / Black Panther","Chadwick Boseman","https://www.imdb.com/name/nm1569276","Captain America: Civil War","https://www.imdb.com/title/tt3498820"
"Vision","Paul Bettany","https://www.imdb.com/name/nm0079273","Captain America: Civil War","https://www.imdb.com/title/tt3498820"
"Wanda Maximoff / Scarlet Witch","Elizabeth Olsen","https://www.imdb.com/name/nm0647634","Captain America: Civil War","https://www.imdb.com/title/tt3498820"
"Scott Lang / Ant-Man","Paul Rudd","https://www.imdb.com/name/nm0748620","Captain America: Civil War","https://www.imdb.com/title/tt3498820"
"Sharon Carter (as Emily Vancamp)","Emily VanCamp","https://www.imdb.com/name/nm0885840","Captain America: Civil War","https://www.imdb.com/title/tt3498820"
"Peter Parker / Spider-Man","Tom Holland","https://www.imdb.com/name/nm4043618","Captain America: Civil War","https://www.imdb.com/title/tt3498820"
"Zemo","Daniel Brühl","https://www.imdb.com/name/nm0117709","Captain America: Civil War","https://www.imdb.com/title/tt3498820"
"Brock Rumlow / Crossbones","Frank Grillo","https://www.imdb.com/name/nm0342029","Captain America: Civil War","https://www.imdb.com/title/tt3498820"
"Secretary of State Thaddeus Ross","William Hurt","https://www.imdb.com/name/nm0000458","Captain America: Civil War","https://www.imdb.com/title/tt3498820"
"Everett K. Ross","Martin Freeman","https://www.imdb.com/name/nm0293509","Captain America: Civil War","https://www.imdb.com/title/tt3498820"
"May Parker","Marisa Tomei","https://www.imdb.com/name/nm0000673","Captain America: Civil War","https://www.imdb.com/title/tt3498820"
"King T'Chaka","John Kani","https://www.imdb.com/name/nm0434712","Captain America: Civil War","https://www.imdb.com/title/tt3498820"
"Howard Stark","John Slattery","https://www.imdb.com/name/nm0805476","Captain America: Civil War","https://www.imdb.com/title/tt3498820"
"Maria Stark","Hope Davis","https://www.imdb.com/name/nm0204706","Captain America: Civil War","https://www.imdb.com/title/tt3498820"
"Miriam","Alfre Woodard","https://www.imdb.com/name/nm0005569","Captain America: Civil War","https://www.imdb.com/title/tt3498820"
"MRI Tech","Michael A. Cook","https://www.imdb.com/name/nm6355840","Captain America: Civil War","https://www.imdb.com/title/tt3498820"
"Vicar","Laughton Parchment","https://www.imdb.com/name/nm7291225","Captain America: Civil War","https://www.imdb.com/title/tt3498820"
"Josef / Super Soldier #1","Jackson Spidell","https://www.imdb.com/name/nm2144533","Captain America: Civil War","https://www.imdb.com/title/tt3498820"
"Super Soldier #2","Yi Long","https://www.imdb.com/name/nm8276442","Captain America: Civil War","https://www.imdb.com/title/tt3498820"
"Super Soldier #3","Heidi Moneymaker","https://www.imdb.com/name/nm1355942","Captain America: Civil War","https://www.imdb.com/title/tt3498820"
"Super Soldier #4","Aaron Toney","https://www.imdb.com/name/nm1987604","Captain America: Civil War","https://www.imdb.com/title/tt3498820"
"Super Soldier #5","Cale Schultz","https://www.imdb.com/name/nm4897417","Captain America: Civil War","https://www.imdb.com/title/tt3498820"
"Voice of Zemo's Wife (voice)","Ann Russo","https://www.imdb.com/name/nm0958696","Captain America: Civil War","https://www.imdb.com/title/tt3498820"
"Karpov","Gene Farber","https://www.imdb.com/name/nm1634949","Captain America: Civil War","https://www.imdb.com/title/tt3498820"
"Security Chief","Florence Kasumba","https://www.imdb.com/name/nm0441042","Captain America: Civil War","https://www.imdb.com/title/tt3498820"
"Attaché (as Cornell S. John)","Cornell John","https://www.imdb.com/name/nm0180259","Captain America: Civil War","https://www.imdb.com/title/tt3498820"
"Man at Kiosk","Sven Hönig","https://www.imdb.com/name/nm1310244","Captain America: Civil War","https://www.imdb.com/title/tt3498820"
"GSG9 Task Force Gunner (as Joshua Peck)","Josh Peck","https://www.imdb.com/name/nm6626717","Captain America: Civil War","https://www.imdb.com/title/tt3498820"
"GSG9 Task Force Pilot (as Brent Mcgee)","Brent McGee","https://www.imdb.com/name/nm4230395","Captain America: Civil War","https://www.imdb.com/title/tt3498820"
"German Innkeeper","Be Satrazemis","https://www.imdb.com/name/nm8064423","Captain America: Civil War","https://www.imdb.com/title/tt3498820"
"Raft Guard","Blair Jasin","https://www.imdb.com/name/nm3138500","Captain America: Civil War","https://www.imdb.com/title/tt3498820"
"Barge Man #1 (as Oli Bigalke)","Oliver Bigalke","https://www.imdb.com/name/nm0046514","Captain America: Civil War","https://www.imdb.com/title/tt3498820"
"Barge Man #2","Rafael Banasik","https://www.imdb.com/name/nm1929205","Captain America: Civil War","https://www.imdb.com/title/tt3498820"
"Custodian (as David De Vries)","David de Vries","https://www.imdb.com/name/nm0212278","Captain America: Civil War","https://www.imdb.com/title/tt3498820"
"Funeral Director","John Curran","https://www.imdb.com/name/nm1491348","Captain America: Civil War","https://www.imdb.com/title/tt3498820"
"Woman in Lobby #1","Katie Amess","https://www.imdb.com/name/nm3665937","Captain America: Civil War","https://www.imdb.com/title/tt3498820"
"Woman in Lobby #2 (as Austin Sanders)","Austin Saunders","https://www.imdb.com/name/nm6704171","Captain America: Civil War","https://www.imdb.com/title/tt3498820"
"Delivery Truck Driver","Brett Gentile","https://www.imdb.com/name/nm1654820","Captain America: Civil War","https://www.imdb.com/title/tt3498820"
"Choir","Matthew Anderson","https://www.imdb.com/name/nm8064425","Captain America: Civil War","https://www.imdb.com/title/tt3498820"
"Choir","Andrew Botchwey","https://www.imdb.com/name/nm8064426","Captain America: Civil War","https://www.imdb.com/title/tt3498820"
"Choir","Chase Bradfield","https://www.imdb.com/name/nm8064427","Captain America: Civil War","https://www.imdb.com/title/tt3498820"
"Choir","Ernest Charles","https://www.imdb.com/name/nm8064428","Captain America: Civil War","https://www.imdb.com/title/tt3498820"
"Choir","Hendricks Coates","https://www.imdb.com/name/nm8064429","Captain America: Civil War","https://www.imdb.com/title/tt3498820"
"Choir","Ethan Condon","https://www.imdb.com/name/nm8535457","Captain America: Civil War","https://www.imdb.com/title/tt3498820"
"Choir","Shen Dynes","https://www.imdb.com/name/nm8064430","Captain America: Civil War","https://www.imdb.com/title/tt3498820"
"Choir","Nathaniel Ellis","https://www.imdb.com/name/nm8064431","Captain America: Civil War","https://www.imdb.com/title/tt3498820"
"Choir","Jariah Ferguson","https://www.imdb.com/name/nm8064432","Captain America: Civil War","https://www.imdb.com/title/tt3498820"
"Choir","Evan Ffrench","https://www.imdb.com/name/nm8064433","Captain America: Civil War","https://www.imdb.com/title/tt3498820"
"Choir","Justin Freeman","https://www.imdb.com/name/nm8064434","Captain America: Civil War","https://www.imdb.com/title/tt3498820"
"Choir","Ralphael Grand'Pierre","https://www.imdb.com/name/nm8064435","Captain America: Civil War","https://www.imdb.com/title/tt3498820"
"Choir","Julian Grimes","https://www.imdb.com/name/nm8064436","Captain America: Civil War","https://www.imdb.com/title/tt3498820"
"Choir","Aaron Hayes","https://www.imdb.com/name/nm8064437","Captain America: Civil War","https://www.imdb.com/title/tt3498820"
"Choir","Austin Hooper","https://www.imdb.com/name/nm8064438","Captain America: Civil War","https://www.imdb.com/title/tt3498820"
"Choir","Amiri Jones","https://www.imdb.com/name/nm8535458","Captain America: Civil War","https://www.imdb.com/title/tt3498820"
"Choir","Myles Joseph","https://www.imdb.com/name/nm8064439","Captain America: Civil War","https://www.imdb.com/title/tt3498820"
"Choir","Stephen Lewis","https://www.imdb.com/name/nm8064440","Captain America: Civil War","https://www.imdb.com/title/tt3498820"
"Choir","Jacob Ludwick","https://www.imdb.com/name/nm8064441","Captain America: Civil War","https://www.imdb.com/title/tt3498820"
"Choir (as D'Mahrei Mcrae)","D'Mahrei McRae","https://www.imdb.com/name/nm8064442","Captain America: Civil War","https://www.imdb.com/title/tt3498820"
"Choir","Ashwin Mudaliar","https://www.imdb.com/name/nm8064443","Captain America: Civil War","https://www.imdb.com/title/tt3498820"
"Choir","Eli Ollinger","https://www.imdb.com/name/nm8064444","Captain America: Civil War","https://www.imdb.com/title/tt3498820"
"Choir","Parker Pape","https://www.imdb.com/name/nm8064445","Captain America: Civil War","https://www.imdb.com/title/tt3498820"
"Choir","Daniel Parada","https://www.imdb.com/name/nm8064446","Captain America: Civil War","https://www.imdb.com/title/tt3498820"
"Choir","Jonah Ruffin","https://www.imdb.com/name/nm8064447","Captain America: Civil War","https://www.imdb.com/title/tt3498820"
"Choir","Darryl Sampson","https://www.imdb.com/name/nm8064448","Captain America: Civil War","https://www.imdb.com/title/tt3498820"
"Choir","Cameron Sardone","https://www.imdb.com/name/nm8064449","Captain America: Civil War","https://www.imdb.com/title/tt3498820"
"Choir","Stanley Sellers","https://www.imdb.com/name/nm8064450","Captain America: Civil War","https://www.imdb.com/title/tt3498820"
"Choir","Miles Selles","https://www.imdb.com/name/nm8064451","Captain America: Civil War","https://www.imdb.com/title/tt3498820"
"Choir","Jacob Sung","https://www.imdb.com/name/nm8064452","Captain America: Civil War","https://www.imdb.com/title/tt3498820"
"Choir","Caden Wilkinson","https://www.imdb.com/name/nm8064453","Captain America: Civil War","https://www.imdb.com/title/tt3498820"
"Chinese Newscaster","Kim Scar","https://www.imdb.com/name/nm4369324","Captain America: Civil War","https://www.imdb.com/title/tt3498820"
"German Newscaster #1","Jessica Walther-Gabory","https://www.imdb.com/name/nm2832213","Captain America: Civil War","https://www.imdb.com/title/tt3498820"
"German Newscaster #2","Beniamino Brogi","https://www.imdb.com/name/nm5518083","Captain America: Civil War","https://www.imdb.com/title/tt3498820"
"News Reporter","Silvina Buchbauer","https://www.imdb.com/name/nm0118108","Captain America: Civil War","https://www.imdb.com/title/tt3498820"
"Busboy (Lagos)","Henry Amadi","https://www.imdb.com/name/nm8064455","Captain America: Civil War","https://www.imdb.com/title/tt3498820"
"Waiter (Lagos)","Ugochukwu Ani","https://www.imdb.com/name/nm8064456","Captain America: Civil War","https://www.imdb.com/title/tt3498820"
"Secretary Ross's Aide","Michael Anthony Rogers","https://www.imdb.com/name/nm3631621","Captain America: Civil War","https://www.imdb.com/title/tt3498820"
"Hero Merc #1","Damion Poitier","https://www.imdb.com/name/nm1364280","Captain America: Civil War","https://www.imdb.com/title/tt3498820"
"Hero Merc #2 (as Umar Khan Baber)","Umar Khan","https://www.imdb.com/name/nm5418135","Captain America: Civil War","https://www.imdb.com/title/tt3498820"
"Hero Merc #3 (as David Brown)","David E. Brown","https://www.imdb.com/name/nm2248109","Captain America: Civil War","https://www.imdb.com/title/tt3498820"
"Hero Merc #4","Guy Fernandez","https://www.imdb.com/name/nm3989668","Captain America: Civil War","https://www.imdb.com/title/tt3498820"
"M.I.T. Liaison","Jim Rash","https://www.imdb.com/name/nm0711110","Captain America: Civil War","https://www.imdb.com/title/tt3498820"
"Teenage Girl","Sophia Russo","https://www.imdb.com/name/nm3017046","Captain America: Civil War","https://www.imdb.com/title/tt3498820"
"Dr. Broussard (as Gozie Agbo)","Joe Russo","https://www.imdb.com/name/nm0751648","Captain America: Civil War","https://www.imdb.com/title/tt3498820"
"FedEx Driver","Stan Lee","https://www.imdb.com/name/nm0498278","Captain America: Civil War","https://www.imdb.com/title/tt3498820"
"UN Staffer Gibson","Amelia Morck","https://www.imdb.com/name/nm2277926","Captain America: Civil War","https://www.imdb.com/title/tt3498820"
"Voice of Friday (voice)","Kerry Condon","https://www.imdb.com/name/nm0174403","Captain America: Civil War","https://www.imdb.com/title/tt3498820"
"Stark's Assistant","Julianna Guill","https://www.imdb.com/name/nm1566474","Captain America: Civil War","https://www.imdb.com/title/tt3498820"
"Nurse","Surely Alvelo","https://www.imdb.com/name/nm4290240","Captain America: Civil War","https://www.imdb.com/title/tt3498820"
"Cultural Attaché","Brian Schaeffer","https://www.imdb.com/name/nm3169259","Captain America: Civil War","https://www.imdb.com/title/tt3498820"
"Helicopter Pilot (as Kevin Larosa Jr.)","Kevin LaRosa Jr.","https://www.imdb.com/name/nm1943719","Captain America: Civil War","https://www.imdb.com/title/tt3498820"
"Helicopter Pilot","Al Cerullo","https://www.imdb.com/name/nm0148844","Captain America: Civil War","https://www.imdb.com/title/tt3498820"
"Helicopter Pilot (as Frederic North)","Frédéric North","https://www.imdb.com/name/nm0636005","Captain America: Civil War","https://www.imdb.com/title/tt3498820"
"IFID (uncredited)","Chris Jai Alex","https://www.imdb.com/name/nm2213461","Captain America: Civil War","https://www.imdb.com/title/tt3498820"
"Task Force Agent (uncredited)","Lindsay Small Barrios","https://www.imdb.com/name/nm3558936","Captain America: Civil War","https://www.imdb.com/title/tt3498820"
"Precision Driver (uncredited)","Tory L. Beckham","https://www.imdb.com/name/nm8211583","Captain America: Civil War","https://www.imdb.com/title/tt3498820"
"Funeral Mourner (uncredited)","Jessica Bell","https://www.imdb.com/name/nm5721188","Captain America: Civil War","https://www.imdb.com/title/tt3498820"
"U.N. Delegate (uncredited)","Carsten Berger","https://www.imdb.com/name/nm4286832","Captain America: Civil War","https://www.imdb.com/title/tt3498820"
"MIT Student (uncredited)","Jae Bireley","https://www.imdb.com/name/nm6316439","Captain America: Civil War","https://www.imdb.com/title/tt3498820"
"Zemo's Son (uncredited)","Tanner Michael Bradberry","https://www.imdb.com/name/nm6925237","Captain America: Civil War","https://www.imdb.com/title/tt3498820"
"MIT Student (uncredited)","Jason Bray","https://www.imdb.com/name/nm3622370","Captain America: Civil War","https://www.imdb.com/title/tt3498820"
"Russian Hydra Guard / Agent (uncredited)","Àaron Brewster","https://www.imdb.com/name/nm6980119","Captain America: Civil War","https://www.imdb.com/title/tt3498820"
"Nigerian Peddler (uncredited)","Bricine Brown","https://www.imdb.com/name/nm7466330","Captain America: Civil War","https://www.imdb.com/title/tt3498820"
"MIT Grad Student (uncredited)","Tyler Carden","https://www.imdb.com/name/nm6679457","Captain America: Civil War","https://www.imdb.com/title/tt3498820"
"U.N. Diplomat (uncredited)","Lucie Carroll","https://www.imdb.com/name/nm8336192","Captain America: Civil War","https://www.imdb.com/title/tt3498820"
"Councilman (uncredited)","Gregory Lee Cason","https://www.imdb.com/name/nm5698290","Captain America: Civil War","https://www.imdb.com/title/tt3498820"
"Funeral Mourner (uncredited)","Kevin Christenson","https://www.imdb.com/name/nm8741401","Captain America: Civil War","https://www.imdb.com/title/tt3498820"
"United Nation Delegate (uncredited)","Teo Ciltia","https://www.imdb.com/name/nm5854970","Captain America: Civil War","https://www.imdb.com/title/tt3498820"
"Delegate (uncredited)","Chuck Clark","https://www.imdb.com/name/nm4239018","Captain America: Civil War","https://www.imdb.com/title/tt3498820"
"Newscaster (voice) (uncredited)","Robert Clotworthy","https://www.imdb.com/name/nm0167139","Captain America: Civil War","https://www.imdb.com/title/tt3498820"
"Pub Patron (uncredited)","Jameson Jamey Copeland","https://www.imdb.com/name/nm6685821","Captain America: Civil War","https://www.imdb.com/title/tt3498820"
"Doorman (uncredited)","Nicholas Cordts","https://www.imdb.com/name/nm8112662","Captain America: Civil War","https://www.imdb.com/title/tt3498820"
"U.N. Official Press (uncredited)","Marisol Correa","https://www.imdb.com/name/nm6082959","Captain America: Civil War","https://www.imdb.com/title/tt3498820"
"Diplomat (uncredited)","Missy Crowder-Compton","https://www.imdb.com/name/nm7110749","Captain America: Civil War","https://www.imdb.com/title/tt3498820"
"Pallbearer (uncredited)","Michael D'Amico","https://www.imdb.com/name/nm2181942","Captain America: Civil War","https://www.imdb.com/title/tt3498820"
"Newsreporter (uncredited)","Laura Dünnwald","https://www.imdb.com/name/nm0992999","Captain America: Civil War","https://www.imdb.com/title/tt3498820"
"Nigerian Tourist (uncredited)","Justin East","https://www.imdb.com/name/nm4703007","Captain America: Civil War","https://www.imdb.com/title/tt3498820"
"GSG-9 Soldier (uncredited)","Dirk Ellis","https://www.imdb.com/name/nm1958265","Captain America: Civil War","https://www.imdb.com/title/tt3498820"
"Reporter (uncredited)","Mark Falvo","https://www.imdb.com/name/nm5241466","Captain America: Civil War","https://www.imdb.com/title/tt3498820"
"Nigerian Pedestrian (uncredited)","Jeremiah Fewell","https://www.imdb.com/name/nm7055101","Captain America: Civil War","https://www.imdb.com/title/tt3498820"
"Nigerian Pedestrian (uncredited)","Shawron Gaffney","https://www.imdb.com/name/nm7705677","Captain America: Civil War","https://www.imdb.com/title/tt3498820"
"MIT Grad Student (uncredited)","Candiss Nicole Gandy","https://www.imdb.com/name/nm5206974","Captain America: Civil War","https://www.imdb.com/title/tt3498820"
"UN Delegate / College Alumni (uncredited)","Brent Moorer Gaskins","https://www.imdb.com/name/nm7476062","Captain America: Civil War","https://www.imdb.com/title/tt3498820"
"MIT Grad Student (uncredited)","Martavious Gayles","https://www.imdb.com/name/nm4771952","Captain America: Civil War","https://www.imdb.com/title/tt3498820"
"MIT Graduate Student (uncredited)","Devan Gerlach","https://www.imdb.com/name/nm6354707","Captain America: Civil War","https://www.imdb.com/title/tt3498820"
"Upscale Funeral Goer (uncredited)","Tahseen Ghauri","https://www.imdb.com/name/nm6708940","Captain America: Civil War","https://www.imdb.com/title/tt3498820"
"MIT Alumni (uncredited)","Jeff Glover","https://www.imdb.com/name/nm5235601","Captain America: Civil War","https://www.imdb.com/title/tt3498820"
"UN Political Aide (uncredited)","Brian Gonzalez","https://www.imdb.com/name/nm6871281","Captain America: Civil War","https://www.imdb.com/title/tt3498820"
"Graduate Student (uncredited)","Alonso Grandío","https://www.imdb.com/name/nm5304911","Captain America: Civil War","https://www.imdb.com/title/tt3498820"
"British Military (uncredited)","Austin Handle","https://www.imdb.com/name/nm7296307","Captain America: Civil War","https://www.imdb.com/title/tt3498820"
"UN Delegate (uncredited)","Beverly Hanley","https://www.imdb.com/name/nm6514231","Captain America: Civil War","https://www.imdb.com/title/tt3498820"
"Graduate Student (uncredited)","Cody Mark Hanna","https://www.imdb.com/name/nm6082036","Captain America: Civil War","https://www.imdb.com/title/tt3498820"
"Affluent International Traveler (uncredited)","De'Adrian Harmon","https://www.imdb.com/name/nm2180829","Captain America: Civil War","https://www.imdb.com/title/tt3498820"
"A Royal Guard (uncredited)","Anthony B. Harris","https://www.imdb.com/name/nm3770779","Captain America: Civil War","https://www.imdb.com/title/tt3498820"
"UN Delegate (uncredited)","Rory Healy","https://www.imdb.com/name/nm6715275","Captain America: Civil War","https://www.imdb.com/title/tt3498820"
"MIT Graduate Student (uncredited)","Kimberly Hester Huffstetler","https://www.imdb.com/name/nm5863701","Captain America: Civil War","https://www.imdb.com/title/tt3498820"
"Cafe Patron (voice) (uncredited)","Ifeyinwa","https://www.imdb.com/name/nm4231400","Captain America: Civil War","https://www.imdb.com/title/tt3498820"
"Funeral Mourner (uncredited)","Flanagan John","https://www.imdb.com/name/nm9278338","Captain America: Civil War","https://www.imdb.com/title/tt3498820"
"Agent (uncredited)","Lainey Kloes","https://www.imdb.com/name/nm7378125","Captain America: Civil War","https://www.imdb.com/title/tt3498820"
"GSG-9 Soldier (uncredited)","Steve Knoll","https://www.imdb.com/name/nm3280335","Captain America: Civil War","https://www.imdb.com/title/tt3498820"
"Upscale Man (uncredited)","Sanya Kongdara","https://www.imdb.com/name/nm7036560","Captain America: Civil War","https://www.imdb.com/title/tt3498820"
"MIT Grad Student (uncredited)","Michael Koske","https://www.imdb.com/name/nm4995103","Captain America: Civil War","https://www.imdb.com/title/tt3498820"
"Jakarta Bidder / Businessman (uncredited)","Inder Kumar","https://www.imdb.com/name/nm5548632","Captain America: Civil War","https://www.imdb.com/title/tt3498820"
"Nigerian Pedestrian (uncredited)","Dominic M. Lee","https://www.imdb.com/name/nm5537101","Captain America: Civil War","https://www.imdb.com/title/tt3498820"
"Mercenary (uncredited)","Adrian Lockett","https://www.imdb.com/name/nm6699665","Captain America: Civil War","https://www.imdb.com/title/tt3498820"
"Reporter (uncredited)","Stephanie Long","https://www.imdb.com/name/nm7512527","Captain America: Civil War","https://www.imdb.com/title/tt3498820"
"African Merchant (uncredited)","Rogelio Lorenzo","https://www.imdb.com/name/nm7043346","Captain America: Civil War","https://www.imdb.com/title/tt3498820"
"UN Official (uncredited)","Daniel Lucente","https://www.imdb.com/name/nm7341201","Captain America: Civil War","https://www.imdb.com/title/tt3498820"
"Tactical Force (uncredited)","Phil Mallon","https://www.imdb.com/name/nm1169215","Captain America: Civil War","https://www.imdb.com/title/tt3498820"
"Upscale Funeral Goer (uncredited)","Aaron Manning","https://www.imdb.com/name/nm2906955","Captain America: Civil War","https://www.imdb.com/title/tt3498820"
"Nigerian Cafe Guest / Pedestrian (uncredited)","Dorry Marie","https://www.imdb.com/name/nm4870726","Captain America: Civil War","https://www.imdb.com/title/tt3498820"
"Newsreporter (uncredited)","Michael Marx","https://www.imdb.com/name/nm2530014","Captain America: Civil War","https://www.imdb.com/title/tt3498820"
"Upscale Man (uncredited)","Alberto Tito Matos Jr.","https://www.imdb.com/name/nm3947930","Captain America: Civil War","https://www.imdb.com/title/tt3498820"
"German Tech Agent (uncredited)","Taylor McPherson","https://www.imdb.com/name/nm5323025","Captain America: Civil War","https://www.imdb.com/title/tt3498820"
"Agent (uncredited)","Michael Mercaldi","https://www.imdb.com/name/nm5932666","Captain America: Civil War","https://www.imdb.com/title/tt3498820"
"Tech (uncredited)","Duane Moseley","https://www.imdb.com/name/nm6431321","Captain America: Civil War","https://www.imdb.com/title/tt3498820"
"Reporter (uncredited)","Rob Muller","https://www.imdb.com/name/nm7433512","Captain America: Civil War","https://www.imdb.com/title/tt3498820"
"Funeral Mourner (uncredited)","Lon Nease","https://www.imdb.com/name/nm7535682","Captain America: Civil War","https://www.imdb.com/title/tt3498820"
"GSG9 Policeman (uncredited)","Dennis Oestreich","https://www.imdb.com/name/nm4116610","Captain America: Civil War","https://www.imdb.com/title/tt3498820"
"MIT Professor (uncredited)","Rajeev Pahuja","https://www.imdb.com/name/nm6071249","Captain America: Civil War","https://www.imdb.com/title/tt3498820"
"Ivy League Student (uncredited)","Anna Phillips","https://www.imdb.com/name/nm7400090","Captain America: Civil War","https://www.imdb.com/title/tt3498820"
"Auction Bidder (uncredited)","Carl A. Pitts","https://www.imdb.com/name/nm7791700","Captain America: Civil War","https://www.imdb.com/title/tt3498820"
"Funeral Dignitary (uncredited)","Lare Roberts","https://www.imdb.com/name/nm2045854","Captain America: Civil War","https://www.imdb.com/title/tt3498820"
"Upscale Funeral Patron (uncredited)","Kimberly Russell","https://www.imdb.com/name/nm7306309","Captain America: Civil War","https://www.imdb.com/title/tt3498820"
"Upscale Funeral Goer (uncredited)","Anthony J Sacco","https://www.imdb.com/name/nm6377106","Captain America: Civil War","https://www.imdb.com/title/tt3498820"
"MIT Parent (uncredited)","Patti Schellhaas","https://www.imdb.com/name/nm6768665","Captain America: Civil War","https://www.imdb.com/title/tt3498820"
"German Agent (uncredited)","Daniel Patrick Shook","https://www.imdb.com/name/nm8032520","Captain America: Civil War","https://www.imdb.com/title/tt3498820"
"Mourner (uncredited)","Jason Shwartz","https://www.imdb.com/name/nm2539632","Captain America: Civil War","https://www.imdb.com/title/tt3498820"
"Brigadier General UK Army (uncredited)","Mike Sibley","https://www.imdb.com/name/nm7645480","Captain America: Civil War","https://www.imdb.com/title/tt3498820"
"MIT Student (uncredited)","Jay Silla","https://www.imdb.com/name/nm7416928","Captain America: Civil War","https://www.imdb.com/title/tt3498820"
"U.N. Delegate Representing India (uncredited)","Manesh k Singh","https://www.imdb.com/name/nm6106876","Captain America: Civil War","https://www.imdb.com/title/tt3498820"
"Lagos Cafe Patron (uncredited)","Yvonne Singh","https://www.imdb.com/name/nm7138530","Captain America: Civil War","https://www.imdb.com/title/tt3498820"
"Swiss Ambassador (uncredited)","Jason Speer","https://www.imdb.com/name/nm5848200","Captain America: Civil War","https://www.imdb.com/title/tt3498820"
"MIT Alumni (uncredited)","Doug Stroup","https://www.imdb.com/name/nm4558847","Captain America: Civil War","https://www.imdb.com/title/tt3498820"
"Vienna Fireman (uncredited)","Chris Theisinger","https://www.imdb.com/name/nm6363181","Captain America: Civil War","https://www.imdb.com/title/tt3498820"
"United Nations Aide (uncredited)","Travis Thompson","https://www.imdb.com/name/nm7642761","Captain America: Civil War","https://www.imdb.com/title/tt3498820"
"MIT Graduate Student (uncredited)","Sarai Tinck","https://www.imdb.com/name/nm7295795","Captain America: Civil War","https://www.imdb.com/title/tt3498820"
"Police Lab Technitian (uncredited)","John Vaughan","https://www.imdb.com/name/nm5157421","Captain America: Civil War","https://www.imdb.com/title/tt3498820"
"Bidder (uncredited)","Emma Ve","https://www.imdb.com/name/nm3605500","Captain America: Civil War","https://www.imdb.com/title/tt3498820"
"Upscale Funeral Goer (uncredited)","Kent Wagner","https://www.imdb.com/name/nm6621949","Captain America: Civil War","https://www.imdb.com/title/tt3498820"
"German Tech Agent (uncredited)","Erick Wofford","https://www.imdb.com/name/nm5830708","Captain America: Civil War","https://www.imdb.com/title/tt3498820"
"UN Staffer Wu (uncredited)","Jane Wu","https://www.imdb.com/name/nm6481448","Captain America: Civil War","https://www.imdb.com/title/tt3498820"
"MIT Graduate Student (uncredited)","Kim Yannayon","https://www.imdb.com/name/nm6255315","Captain America: Civil War","https://www.imdb.com/title/tt3498820"
"London Businessman (uncredited)","Jonathan Yaskoff","https://www.imdb.com/name/nm3309008","Captain America: Civil War","https://www.imdb.com/title/tt3498820"
"U.N. Delegate Representing Indonesia (uncredited)","Alexander Yassin","https://www.imdb.com/name/nm3037642","Captain America: Civil War","https://www.imdb.com/title/tt3498820"
"Upscale Man (uncredited)","Alex Zelenka","https://www.imdb.com/name/nm5436143","Captain America: Civil War","https://www.imdb.com/title/tt3498820"
